Time (s),Race Time,Speed,Gs
0.0,0.0,0,0.01
0.03,0.0,0,0.01
0.07,0.0,0,0.01
0.1,0.0,0,0.01
0.13,0.0,0,0.01
0.17,0.0,0,0.01
0.2,0.0,0,0.01
0.23,0.0,0,0.01
0.27,0.0,0,0.01
0.3,0.0,0,0.01
0.33,0.0,0,0.01
0.37,0.0,0,0.01
0.4,0.0,0,0.01
0.43,0.0,0,0.01
0.47,0.0,0,0.01
0.5,0.0,0,0.01
0.53,0.0,0,0.01
0.57,0.0,0,0.01
0.6,0.0,0,0.01
0.63,0.0,0,0.01
0.67,0.0,0,0.01
0.7,0.0,0,0.01
0.73,0.0,0,0.01
0.77,0.0,0,0.01
0.8,0.0,0,0.01
0.83,0.0,0,0.01
0.87,0.0,0,0.01
0.9,0.0,0,0.01
0.93,0.0,0,0.01
0.97,0.0,0,0.01
1.0,0.0,0,0.01
1.03,0.0,0,0.01
1.07,0.0,0,0.01
1.1,0.0,0,0.01
1.13,0.0,0,0.01
1.17,0.0,0,0.01
1.2,0.0,0,0.01
1.23,0.0,0,0.01
1.27,0.0,0,0.01
1.3,0.0,0,0.0
1.33,0.0,0,0.01
1.37,0.0,0,0.01
1.4,0.0,0,0.01
1.43,0.0,0,0.01
1.47,0.0,0,0.01
1.5,0.0,0,0.01
1.53,0.0,0,0.02
1.57,0.0,0,0.01
1.6,0.0,0,0.01
1.63,0.0,0,0.01
1.67,0.0,0,0.01
1.7,0.0,0,0.01
1.73,0.0,0,0.01
1.77,0.0,0,0.01
1.8,0.0,0,0.01
1.83,0.0,0,0.01
1.87,0.0,0,0.02
1.9,0.0,0,0.01
1.93,0.0,0,0.01
1.97,0.0,0,0.01
2.0,0.0,0,0.01
2.03,0.0,0,0.01
2.07,0.0,0,0.01
2.1,0.0,0,0.01
2.13,0.0,0,0.01
2.17,0.0,0,0.01
2.2,0.0,0,0.01
2.23,0.0,0,0.01
2.27,0.0,0,0.01
2.3,0.0,0,0.01
2.33,0.0,0,0.01
2.37,0.0,0,0.0
2.4,0.0,0,0.01
2.43,0.0,0,0.03
2.47,0.0,0,0.64
2.5,0.0,0,0.95
2.53,0.0,2,0.98
2.57,0.0,,0.99
2.6,0.0,5,1.04
2.63,0.0,,1.13
2.67,0.0,9,1.18
2.7,0.0,10,1.16
2.73,0.0,11,1.18
2.77,0.0,13,1.23
2.8,0.0,15,1.24
2.83,0.0,16,1.26
2.87,0.0,17,1.25
2.9,0.0,18,1.26
2.93,0.0,19,1.25
2.97,0.0,21,1.2
3.0,0.0,24,1.2
3.03,0.0,25,1.26
3.07,0.0,27,1.02
3.1,0.0,28,1.05
3.13,0.0,30,1.11
3.17,0.0,32,1.21
3.2,0.0,33,1.25
3.23,0.0,34,0.97
3.27,0.0,36,0.7
3.3,0.0,38,0.93
3.33,0.0,39,1.14
3.37,0.0,41,1.21
3.4,0.0,43,
3.43,0.0,44,
3.47,0.0,46,
3.5,0.0,47,1.34
3.53,0.0,49,1.3
3.57,0.0,51,1.32
3.6,0.0,52,1.33
3.63,0.0,54,1.3
3.67,0.0,55,1.31
3.7,0.0,57,1.29
3.73,0.0,58,1.34
3.77,0.0,60,1.28
3.8,0.0,61,1.32
3.83,0.0,62,1.28
3.87,0.0,64,1.33
3.9,0.0,65,1.28
3.93,0.0,66,1.19
3.97,0.0,68,1.22
4.0,0.0,70,1.17
4.03,0.0,,1.16
4.07,0.0,72,1.1
4.1,0.0,73,1.13
4.13,0.0,74,1.09
4.17,0.0,75,1.01
4.2,0.0,76,1.0
4.23,0.0,,0.85
4.27,0.0,,0.75
4.3,0.0,,0.64
4.33,0.0,78,0.59
4.37,0.0,78,0.73
4.4,0.0,79,0.7
4.43,0.0,79,0.69
4.47,0.0,80,1.0
4.5,0.0,80,1.4
4.53,0.0,80,1.23
4.57,0.0,80,1.54
4.6,0.0,81,1.38
4.63,0.0,81,1.2
4.67,0.0,81,1.0
4.7,0.0,81,0.99
4.73,0.0,81,0.73
4.77,0.0,81,0.19
4.8,0.0,81,0.22
4.83,0.0,82,0.84
4.87,0.0,82,1.45
4.9,0.0,83,1.39
4.93,0.0,84,1.25
4.97,0.0,85,0.94
5.0,0.0,86,1.4
5.03,0.0,88,1.78
5.07,0.0,88,1.57
5.1,0.0,86,1.22
5.13,0.0,87,0.63
5.17,0.0,87,0.96
5.2,0.0,86,1.26
5.23,0.0,86,1.22
5.27,0.0,87,0.69
5.3,0.0,87,0.65
5.33,0.0,87,0.63
5.37,0.0,87,0.64
5.4,0.0,87,0.35
5.43,0.0,87,0.56
5.47,0.0,87,0.88
5.5,0.0,87,0.9
5.53,0.0,87,0.98
5.57,0.0,87,1.15
5.6,0.0,87,1.39
5.63,0.0,87,1.16
5.67,0.0,87,1.16
5.7,0.0,87,1.27
5.73,0.0,88,1.34
5.77,0.0,88,1.43
5.8,0.0,89,1.38
5.83,0.0,89,1.45
5.87,0.0,90,1.5
5.9,0.0,90,1.46
5.93,0.0,92,1.65
5.97,0.0,92,1.5
6.0,0.0,93,1.0
6.03,0.0,93,0.83
6.07,0.0,93,0.78
6.1,0.0,93,0.77
6.13,0.0,94,0.74
6.17,0.0,94,0.35
6.2,0.0,94,0.21
6.23,0.0,93,0.27
6.27,0.0,92,0.71
6.3,0.0,90,0.92
6.33,0.0,89,1.24
6.37,0.0,88,1.87
6.4,0.0,87,1.9
6.43,0.0,83,2.13
6.47,0.0,81,2.28
6.5,0.0,77,2.46
6.53,0.0,73,1.88
6.57,0.0,,1.71
6.6,0.0,,1.72
6.63,0.0,73,0.96
6.67,0.0,69,0.98
6.7,0.0,70,0.96
6.73,0.0,68,1.37
6.77,0.0,68,1.74
6.8,0.0,67,1.6
6.83,0.0,65,1.51
6.87,0.0,63,1.49
6.9,0.0,62,1.53
6.93,0.0,60,1.53
6.97,0.0,58,1.97
7.0,0.0,57,1.86
7.03,0.0,55,1.49
7.07,0.0,53,1.45
7.1,0.0,51,1.39
7.13,0.0,49,1.41
7.17,0.0,49,1.62
7.2,0.0,47,1.48
7.23,0.0,43,1.39
7.27,0.0,42,1.46
7.3,0.0,42,1.51
7.33,0.0,40,1.58
7.37,0.0,39,1.67
7.4,0.0,38,1.61
7.43,0.0,37,1.43
7.47,0.0,36,1.28
7.5,0.0,36,1.54
7.53,0.0,35,1.66
7.57,0.0,32,1.4
7.6,0.0,30,1.17
7.63,0.0,27,1.43
7.67,0.0,25,1.12
7.7,0.0,24,1.51
7.73,0.0,26,1.59
7.77,0.0,28,1.72
7.8,0.0,29,1.79
7.83,0.0,26,1.18
7.87,0.0,25,1.22
7.9,0.0,23,1.37
7.93,0.0,23,1.54
7.97,0.0,23,1.67
8.0,0.0,23,1.52
8.03,0.0,23,1.1
8.07,0.0,22,1.55
8.1,0.0,22,1.61
8.13,0.0,21,1.76
8.17,0.0,21,1.53
8.2,0.0,22,1.69
8.23,0.0,25,1.13
8.27,0.0,27,1.09
8.3,0.0,30,1.73
8.33,0.0,32,1.31
8.37,0.0,33,1.75
8.4,0.0,34,0.71
8.43,0.0,36,0.54
8.47,0.0,39,0.91
8.5,0.0,39,1.04
8.53,0.0,36,1.09
8.57,0.0,33,1.3
8.6,0.0,30,1.39
8.63,0.0,30,1.38
8.67,0.0,29,1.46
8.7,0.0,29,1.78
8.73,0.0,28,1.86
8.77,0.0,27,1.61
8.8,0.0,28,1.06
8.83,0.0,29,0.98
8.87,0.0,30,1.51
8.9,0.0,29,1.42
8.93,0.0,29,1.08
8.97,0.0,29,1.08
9.0,0.0,29,1.0
9.03,0.0,30,0.88
9.07,0.0,30,0.96
9.1,0.0,30,1.0
9.13,0.0,31,0.92
9.17,0.0,31,0.9
9.2,0.0,32,0.85
9.23,0.0,34,0.63
9.27,0.0,35,0.49
9.3,0.0,37,0.48
9.33,0.0,39,0.84
9.37,0.0,42,1.05
9.4,0.0,41,1.58
9.43,0.0,42,1.17
9.47,0.0,43,1.2
9.5,0.0,44,1.56
9.53,0.0,46,1.1
9.57,0.0,48,0.83
9.6,0.0,48,0.94
9.63,0.0,45,1.17
9.67,0.0,44,1.4
9.7,0.0,44,1.68
9.73,0.0,46,1.58
9.77,0.0,46,1.56
9.8,0.0,47,1.45
9.83,0.0,48,1.53
9.87,0.0,48,1.58
9.9,0.0,48,0.93
9.93,0.0,48,0.71
9.97,0.0,48,0.61
10.0,0.0,49,0.6
10.03,0.0,49,0.37
10.07,0.0,49,0.31
10.1,0.0,49,0.72
10.13,0.0,49,0.83
10.17,0.0,50,0.81
10.2,0.0,50,0.86
10.23,0.0,50,0.92
10.27,0.0,49,1.41
10.3,0.0,49,1.42
10.33,0.0,50,1.68
10.37,0.0,50,1.49
10.4,0.0,50,1.12
10.43,0.0,50,1.29
10.47,0.0,51,1.18
10.5,0.0,51,1.46
10.53,0.0,51,1.28
10.57,0.0,51,1.45
10.6,0.0,51,1.37
10.63,0.0,51,1.3
10.67,0.0,51,1.44
10.7,0.0,51,1.29
10.73,0.0,51,1.07
10.77,0.0,51,1.22
10.8,0.0,51,0.53
10.83,0.0,52,0.75
10.87,0.0,53,0.83
10.9,0.0,51,1.28
10.93,0.0,51,1.53
10.97,0.0,53,1.27
11.0,0.0,56,0.73
11.03,0.0,57,0.74
11.07,0.0,57,0.92
11.1,0.0,59,1.22
11.13,0.0,59,1.22
11.17,0.0,58,1.19
11.2,0.0,58,1.3
11.23,0.0,58,1.2
11.27,0.0,61,1.31
11.3,0.0,61,1.67
11.33,0.0,63,1.77
11.37,0.0,64,1.63
11.4,0.0,65,1.34
11.43,0.0,65,1.24
11.47,0.0,66,1.34
11.5,0.0,68,1.18
11.53,0.0,69,1.06
11.57,0.0,,1.0
11.6,0.0,,1.06
11.63,0.0,73,1.08
11.67,0.0,74,1.13
11.7,0.0,75,1.12
11.73,0.0,76,1.15
11.77,0.0,78,1.2
11.8,0.0,79,1.04
11.83,0.0,80,0.98
11.87,0.0,81,0.96
11.9,0.0,82,0.91
11.93,0.0,83,0.86
11.97,0.0,84,0.9
12.0,0.0,85,0.87
12.03,0.0,86,0.81
12.07,0.0,87,0.82
12.1,0.0,88,0.88
12.13,0.0,89,0.92
12.17,0.0,90,0.79
12.2,0.0,90,0.77
12.23,0.0,92,0.72
12.27,0.0,92,0.72
12.3,0.0,93,0.73
12.33,0.0,94,0.72
12.37,0.0,95,0.72
12.4,0.0,96,0.72
12.43,0.0,96,0.6
12.47,0.0,97,0.64
12.5,0.0,96,0.39
12.53,0.0,94,0.38
12.57,0.0,92,1.25
12.6,0.0,90,1.44
12.63,0.0,87,1.73
12.67,0.0,84,1.86
12.7,0.0,80,2.0
12.73,0.0,76,
12.77,0.0,73,2.06
12.8,0.0,69,2.12
12.83,0.0,66,2.01
12.87,0.0,66,2.1
12.9,0.0,65,1.94
12.93,0.0,63,1.96
12.97,0.0,60,1.92
13.0,0.0,58,1.87
13.03,0.0,58,1.95
13.07,0.0,55,1.88
13.1,0.0,52,1.76
13.13,0.0,51,1.82
13.17,0.0,53,1.75
13.2,0.0,54,1.8
13.23,0.0,53,1.58
13.27,0.0,54,1.23
13.3,0.0,54,1.23
13.33,0.0,54,1.33
13.37,0.0,55,1.76
13.4,0.0,55,1.55
13.43,0.0,55,0.88
13.47,0.0,56,1.01
13.5,0.0,56,1.34
13.53,0.0,56,1.51
13.57,0.0,56,1.48
13.6,0.0,55,1.68
13.63,0.0,54,1.58
13.67,0.0,51,1.64
13.7,0.0,49,1.58
13.73,0.0,50,1.74
13.77,0.0,48,1.69
13.8,0.0,45,1.71
13.83,0.0,46,1.61
13.87,0.0,46,1.59
13.9,0.0,46,1.1
13.93,0.0,47,1.15
13.97,0.0,49,1.16
14.0,0.0,51,0.98
14.03,0.0,53,1.29
14.07,0.0,53,1.22
14.1,0.0,52,1.63
14.13,0.0,50,1.88
14.17,0.0,48,1.97
14.2,0.0,47,1.62
14.23,0.0,47,1.5
14.27,0.0,47,1.7
14.3,0.0,47,1.5
14.33,0.0,48,1.58
14.37,0.0,48,1.5
14.4,0.0,48,1.72
14.43,0.0,48,1.73
14.47,0.0,48,1.65
14.5,0.0,49,1.68
14.53,0.0,50,1.41
14.57,0.0,51,1.43
14.6,0.0,50,1.67
14.63,0.0,51,1.14
14.67,0.0,51,0.39
14.7,0.0,49,0.33
14.73,0.0,48,0.58
14.77,0.0,47,0.62
14.8,0.0,46,0.72
14.83,0.0,46,1.14
14.87,0.0,47,1.1
14.9,0.0,47,0.97
14.93,0.0,47,1.3
14.97,0.0,47,1.23
15.0,0.0,47,1.51
15.03,0.0,48,1.17
15.07,0.0,50,1.14
15.1,0.0,51,1.34
15.13,0.0,51,1.24
15.17,0.0,51,1.51
15.2,0.0,50,1.57
15.23,0.0,50,1.18
15.27,0.0,50,0.65
15.3,0.0,49,0.26
15.33,0.0,49,0.17
15.37,0.0,48,0.38
15.4,0.0,46,0.78
15.43,0.0,44,0.83
15.47,0.0,44,0.99
15.5,0.0,46,1.03
15.53,0.0,46,1.05
15.57,0.0,46,1.46
15.6,0.0,46,1.96
15.63,0.0,46,1.75
15.67,0.0,46,1.69
15.7,0.0,47,1.46
15.73,0.0,47,1.05
15.77,0.0,48,1.73
15.8,0.0,48,1.8
15.83,0.0,48,1.33
15.87,0.0,48,1.4
15.9,0.0,49,1.46
15.93,0.0,49,1.47
15.97,0.0,49,1.3
16.0,0.0,50,1.15
16.03,0.0,50,1.49
16.07,0.0,51,0.84
16.1,0.0,50,0.6
16.13,0.0,49,0.54
16.17,0.0,51,0.41
16.2,0.0,53,0.42
16.23,0.0,51,1.23
16.27,0.0,50,1.27
16.3,0.0,50,1.97
16.33,0.0,51,1.55
16.37,0.0,50,1.03
16.4,0.0,49,1.35
16.43,0.0,49,1.28
16.47,0.0,51,1.48
16.5,0.0,53,1.29
16.53,0.0,54,0.99
16.57,0.0,54,1.01
16.6,0.0,55,1.37
16.63,0.0,56,1.57
16.67,0.0,56,1.53
16.7,0.0,54,1.57
16.73,0.0,54,1.12
16.77,0.0,54,0.43
16.8,0.0,55,0.67
16.83,0.0,55,0.96
16.87,0.0,56,1.19
16.9,0.0,58,1.0
16.93,0.0,59,1.27
16.97,0.0,60,0.86
17.0,0.0,61,0.92
17.03,0.0,63,1.04
17.07,0.0,64,1.36
17.1,0.0,62,1.77
17.13,0.0,61,1.8
17.17,0.0,64,1.48
17.2,0.0,63,1.6
17.23,0.0,61,1.72
17.27,0.0,61,1.67
17.3,0.0,61,1.67
17.33,0.0,61,1.82
17.37,0.0,60,1.97
17.4,0.0,61,2.07
17.43,0.0,63,1.57
17.47,0.0,65,1.38
17.5,0.0,68,1.29
17.53,0.0,70,1.52
17.57,0.0,70,1.51
17.6,0.0,70,1.61
17.63,0.0,69,1.56
17.67,0.0,68,1.86
17.7,0.0,68,1.87
17.73,0.0,68,1.59
17.77,0.0,68,1.75
17.8,0.0,68,1.51
17.83,0.0,69,1.48
17.87,0.0,69,1.62
17.9,0.0,69,1.66
17.93,0.0,70,1.59
17.97,0.0,,1.53
18.0,0.0,,1.53
18.03,0.0,72,1.33
18.07,0.0,73,1.31
18.1,0.0,75,1.16
18.13,0.0,75,0.86
18.17,0.0,76,0.6
18.2,0.0,76,0.37
18.23,0.0,76,0.18
18.27,0.0,76,0.03
18.3,0.0,76,0.02
18.33,0.0,76,0.2
18.37,0.0,,0.46
18.4,0.0,72,0.82
18.43,0.0,,1.24
18.47,0.0,69,1.49
18.5,0.0,68,1.56
18.53,0.0,68,1.39
18.57,0.0,67,1.21
18.6,0.0,66,1.08
18.63,0.0,66,1.18
18.67,0.0,67,1.61
18.7,0.0,67,1.69
18.73,0.0,68,1.77
18.77,0.0,69,1.3
18.8,0.0,70,1.51
18.83,0.0,,1.35
18.87,0.0,,1.49
18.9,0.0,73,1.31
18.93,0.0,74,1.41
18.97,0.0,72,1.89
19.0,0.0,,1.85
19.03,0.0,,1.9
19.07,0.0,72,1.74
19.1,0.0,72,1.94
19.13,0.0,72,1.85
19.17,0.0,73,1.66
19.2,0.0,74,1.36
19.23,0.0,76,1.32
19.27,0.0,,1.61
19.3,0.0,78,1.81
19.33,0.0,79,1.92
19.37,0.0,77,1.63
19.4,0.0,77,1.82
19.43,0.0,78,1.7
19.47,0.0,78,1.5
19.5,0.0,79,1.66
19.53,0.0,80,1.72
19.57,0.0,80,1.76
19.6,0.0,80,1.89
19.63,0.0,79,1.64
19.67,0.0,76,0.97
19.7,0.0,75,1.11
19.73,0.0,74,1.55
19.77,0.0,71,1.75
19.8,0.0,69,1.93
19.83,0.0,67,1.83
19.87,0.0,64,1.88
19.9,0.0,61,1.89
19.93,0.0,60,1.74
19.97,0.0,58,1.64
20.0,0.0,58,1.53
20.03,0.0,56,1.52
20.07,0.0,55,1.38
20.1,0.0,54,1.37
20.13,0.0,53,1.24
20.17,0.0,52,1.03
20.2,0.0,51,1.08
20.23,0.0,50,1.04
20.27,0.0,49,0.98
20.3,0.0,48,0.84
20.33,0.0,47,0.85
20.37,0.0,47,0.68
20.4,0.0,47,0.93
20.43,0.0,47,1.02
20.47,0.0,46,1.49
20.5,0.0,44,1.45
20.53,0.0,43,1.41
20.57,0.0,43,1.65
20.6,0.0,42,1.33
20.63,0.0,40,1.83
20.67,0.0,40,1.74
20.7,0.0,39,2.13
20.73,0.0,40,1.36
20.77,0.0,41,0.91
20.8,0.0,41,1.25
20.83,0.0,42,1.41
20.87,0.0,43,1.61
20.9,0.0,42,1.67
20.93,0.0,41,1.71
20.97,0.0,39,2.09
21.0,0.0,39,1.7
21.03,0.0,39,1.88
21.07,0.0,38,1.85
21.1,0.0,37,1.32
21.13,0.0,37,1.72
21.17,0.0,37,2.53
21.2,0.0,36,2.25
21.23,0.0,36,1.54
21.27,0.0,36,1.08
21.3,0.0,36,0.9
21.33,0.0,36,1.42
21.37,0.0,37,1.81
21.4,0.0,38,1.92
21.43,0.0,39,1.57
21.47,0.0,41,1.05
21.5,0.0,43,1.56
21.53,0.0,44,1.47
21.57,0.0,42,1.25
21.6,0.0,42,1.46
21.63,0.0,44,1.47
21.67,0.0,44,1.55
21.7,0.0,46,1.54
21.73,0.0,47,1.84
21.77,0.0,47,1.61
21.8,0.0,48,1.43
21.83,0.0,50,1.25
21.87,0.0,50,1.18
21.9,0.0,51,1.32
21.93,0.0,52,1.51
21.97,0.0,52,1.53
22.0,0.0,53,1.54
22.03,0.0,54,1.36
22.07,0.0,56,1.4
22.1,0.0,57,1.34
22.13,0.0,59,1.35
22.17,0.0,60,1.31
22.2,0.0,62,1.27
22.23,0.0,63,1.3
22.27,0.0,65,1.27
22.3,0.0,65,1.31
22.33,0.0,64,0.62
22.37,0.0,63,0.38
22.4,0.0,60,0.81
22.43,0.0,59,0.92
22.47,0.0,58,1.21
22.5,0.0,55,1.53
22.53,0.0,54,1.48
22.57,0.0,52,1.47
22.6,0.0,51,1.68
22.63,0.0,52,1.45
22.67,0.0,50,1.45
22.7,0.0,50,1.6
22.73,0.0,47,1.68
22.77,0.0,44,1.8
22.8,0.0,43,1.91
22.83,0.0,44,1.32
22.87,0.0,45,1.59
22.9,0.0,46,1.57
22.93,0.0,46,1.59
22.97,0.0,46,1.32
23.0,0.0,46,1.38
23.03,0.0,46,1.35
23.07,0.0,45,1.43
23.1,0.0,44,1.93
23.13,0.0,44,1.96
23.17,0.0,44,1.57
23.2,0.0,44,1.82
23.23,0.0,45,1.5
23.27,0.0,46,1.21
23.3,0.0,47,1.61
23.33,0.0,50,
23.37,0.0,51,1.2
23.4,0.0,52,1.05
23.43,0.0,53,1.2
23.47,0.0,54,1.75
23.5,0.0,52,1.45
23.53,0.0,50,1.41
23.57,0.0,49,1.13
23.6,0.0,50,1.31
23.63,0.0,52,1.68
23.67,0.0,51,1.55
23.7,0.0,50,1.47
23.73,0.0,51,1.45
23.77,0.0,53,1.47
23.8,0.0,55,1.32
23.83,0.0,56,1.62
23.87,0.0,57,1.32
23.9,0.0,58,1.32
23.93,0.0,58,1.35
23.97,0.0,57,1.4
24.0,0.0,58,1.34
24.03,0.0,58,1.52
24.07,0.0,59,1.46
24.1,0.0,61,1.77
24.13,0.0,62,1.59
24.17,0.0,62,1.57
24.2,0.0,62,1.47
24.23,0.0,63,1.58
24.27,0.0,64,1.38
24.3,0.0,64,1.34
24.33,0.0,65,1.51
24.37,0.0,66,1.5
24.4,0.0,67,1.51
24.43,0.0,68,1.36
24.47,0.0,68,1.34
24.5,0.0,69,1.58
24.53,0.0,69,1.75
24.57,0.0,69,1.89
24.6,0.0,70,1.42
24.63,0.0,71,1.21
24.67,0.0,72,1.53
24.7,0.0,73,1.42
24.73,0.0,75,1.25
24.77,0.0,76,0.9
24.8,0.0,75,1.16
24.83,0.0,72,1.33
24.87,0.0,68,1.47
24.9,0.0,65,0.83
24.93,0.0,64,1.01
24.97,0.0,63,1.32
25.0,0.0,61,1.44
25.03,0.0,58,1.48
25.07,0.0,56,1.8
25.1,0.0,54,1.88
25.13,0.0,50,1.59
25.17,0.0,47,1.66
25.2,0.0,47,1.82
25.23,0.0,47,1.73
25.27,0.0,46,1.47
25.3,0.0,45,1.4
25.33,0.0,46,1.37
25.37,0.0,45,1.05
25.4,0.0,45,1.2
25.43,0.0,45,1.36
25.47,0.0,44,1.03
25.5,0.0,43,1.05
25.53,0.0,41,1.1
25.57,0.0,38,1.72
25.6,0.0,39,2.06
25.63,0.0,41,1.42
25.67,0.0,43,1.04
25.7,0.0,45,0.79
25.73,0.0,46,1.23
25.77,0.0,48,1.5
25.8,0.0,49,1.02
25.83,0.0,51,0.68
25.87,0.0,52,0.7
25.9,0.0,49,1.06
25.93,0.0,45,1.38
25.97,0.0,43,1.99
26.0,0.0,42,2.04
26.03,0.0,43,1.98
26.07,0.0,43,1.69
26.1,0.0,45,1.3
26.13,0.0,47,1.1
26.17,0.0,48,1.31
26.2,0.0,50,1.35
26.23,0.0,49,1.62
26.27,0.0,49,1.59
26.3,0.0,47,1.54
26.33,0.0,44,1.67
26.37,0.0,45,1.31
26.4,0.0,46,1.43
26.43,0.0,47,1.3
26.47,0.0,47,1.46
26.5,0.0,46,1.52
26.53,0.0,47,1.41
26.57,0.0,47,1.51
26.6,0.0,48,1.26
26.63,0.0,50,1.32
26.67,0.0,50,1.45
26.7,0.0,52,1.4
26.73,0.0,52,1.41
26.77,0.0,54,1.33
26.8,0.0,55,1.32
26.83,0.0,57,1.17
26.87,0.0,58,1.2
26.9,0.0,60,1.28
26.93,0.0,62,1.3
26.97,0.0,62,1.32
27.0,0.0,64,1.29
27.03,0.0,65,1.24
27.07,0.0,67,1.21
27.1,0.0,68,1.14
27.13,0.0,70,1.12
27.17,0.0,,1.13
27.2,0.0,72,1.24
27.23,0.0,72,1.06
27.27,0.0,73,0.82
27.3,0.0,73,1.03
27.33,0.0,74,0.99
27.37,0.0,75,0.97
27.4,0.0,76,1.09
27.43,0.0,76,1.01
27.47,0.0,76,1.27
27.5,0.0,77,1.23
27.53,0.0,77,0.99
27.57,0.0,77,0.93
27.6,0.0,78,0.99
27.63,0.0,78,0.92
27.67,0.0,78,0.92
27.7,0.0,79,1.2
27.73,0.0,79,1.27
27.77,0.0,79,1.34
27.8,0.0,79,1.29
27.83,0.0,79,1.57
27.87,0.0,79,1.68
27.9,0.0,79,1.82
27.93,0.0,79,1.88
27.97,0.0,79,2.01
28.0,0.0,80,2.02
28.03,0.0,80,2.11
28.07,0.0,80,2.16
28.1,0.0,81,1.81
28.13,0.0,81,1.77
28.17,0.0,82,2.18
28.2,0.0,82,2.12
28.23,0.0,82,2.05
28.27,0.0,82,2.06
28.3,0.0,81,2.01
28.33,0.0,81,1.96
28.37,0.0,81,2.32
28.4,0.0,82,2.28
28.43,0.0,82,2.04
28.47,0.0,82,1.84
28.5,0.0,82,1.9
28.53,0.0,83,1.74
28.57,0.0,83,1.65
28.6,0.0,83,1.08
28.63,0.0,83,1.15
28.67,0.0,83,1.16
28.7,0.0,83,1.45
28.73,0.0,83,1.68
28.77,0.0,83,1.79
28.8,0.0,82,1.61
28.83,0.0,83,1.07
28.87,0.0,83,1.02
28.9,0.0,82,1.48
28.93,0.0,82,1.72
28.97,0.0,81,1.82
29.0,0.0,81,1.71
29.03,0.0,80,1.85
29.07,0.0,78,1.84
29.1,0.0,76,2.0
29.13,0.0,73,1.9
29.17,0.0,74,2.22
29.2,0.0,73,
29.23,0.0,72,2.59
29.27,0.0,72,2.35
29.3,0.0,,1.93
29.33,0.0,69,1.41
29.37,0.0,69,1.48
29.4,0.0,69,1.58
29.43,0.0,69,1.5
29.47,0.0,68,1.6
29.5,0.0,68,1.71
29.53,0.0,67,1.72
29.57,0.0,67,1.55
29.6,0.0,66,1.57
29.63,0.0,66,1.59
29.67,0.0,65,1.59
29.7,0.0,64,1.43
29.73,0.0,64,1.39
29.77,0.0,64,1.59
29.8,0.0,63,1.62
29.83,0.0,63,1.62
29.87,0.0,62,1.6
29.9,0.0,60,1.81
29.93,0.0,59,1.87
29.97,0.0,58,1.98
30.0,0.0,58,1.62
30.03,0.0,57,1.1
30.07,0.0,55,0.84
30.1,0.0,54,1.0
30.13,0.0,54,1.3
30.17,0.0,54,1.36
30.2,0.0,53,1.26
30.23,0.0,53,1.08
30.27,0.0,52,1.22
30.3,0.0,52,1.41
30.33,0.0,52,1.24
30.37,0.0,53,1.03
30.4,0.0,54,0.91
30.43,0.0,54,0.85
30.47,0.0,54,0.93
30.5,0.0,54,0.72
30.53,0.0,55,0.61
30.57,0.0,56,0.56
30.6,0.0,56,0.77
30.63,0.0,57,0.9
30.67,0.0,57,1.22
30.7,0.0,58,1.26
30.73,0.0,60,1.17
30.77,0.0,62,1.01
30.8,0.0,63,1.44
30.83,0.0,62,1.7
30.87,0.0,61,1.46
30.9,0.0,62,1.54
30.93,0.0,62,1.14
30.97,0.0,63,1.03
31.0,0.0,63,0.98
31.03,0.0,64,1.01
31.07,0.0,65,0.67
31.1,0.0,65,0.63
31.13,0.0,66,0.94
31.17,0.0,66,1.24
31.2,0.0,67,1.47
31.23,0.0,67,1.49
31.27,0.0,68,1.25
31.3,0.0,68,1.58
31.33,0.0,70,1.48
31.37,0.0,,1.33
31.4,0.0,70,1.49
31.43,0.0,70,1.42
31.47,0.0,,1.3
31.5,0.0,72,1.4
31.53,0.0,72,1.44
31.57,0.0,70,1.87
31.6,0.0,68,2.21
31.63,0.0,66,2.0
31.67,0.0,64,1.34
31.7,0.0,64,1.02
31.73,0.0,63,1.24
31.77,0.0,62,1.41
31.8,0.0,60,1.43
31.83,0.0,8,1.56
31.87,0.0,,1.52
31.9,0.0,56,1.44
31.93,0.0,56,1.44
31.97,0.0,55,1.18
32.0,0.0,55,1.24
32.03,0.0,55,1.4
32.07,0.0,54,1.46
32.1,0.0,53,1.51
32.13,0.0,53,1.63
32.17,0.0,52,1.35
32.2,0.0,51,0.0
32.23,0.0,51,1.04
32.27,0.0,50,0.98
32.3,0.0,50,1.01
32.33,0.0,50,0.56
32.37,0.0,50,0.82
32.4,0.0,50,1.34
32.43,0.0,50,1.63
32.47,0.0,51,1.69
32.5,0.0,51,1.75
32.53,0.0,53,1.52
32.57,0.0,53,1.22
32.6,0.0,55,1.51
32.63,0.0,56,1.19
32.67,0.0,57,1.17
32.7,0.0,58,1.24
32.73,0.0,58,1.15
32.77,0.0,58,1.28
32.8,0.0,58,1.28
32.83,0.0,55,1.35
32.87,0.0,52,1.51
32.9,0.0,47,1.33
32.93,0.0,44,1.69
32.97,0.0,43,1.63
33.0,0.0,42,1.08
33.03,0.0,41,1.39
33.07,0.0,40,1.36
33.1,0.0,37,1.38
33.13,0.0,36,1.56
33.17,0.0,34,1.5
33.2,0.0,33,1.45
33.23,0.0,32,1.55
33.27,0.0,33,1.32
33.3,0.0,33,1.6
33.33,0.0,31,1.33
33.37,0.0,31,1.21
33.4,0.0,31,1.21
33.43,0.0,32,1.37
33.47,0.0,33,1.32
33.5,0.0,34,1.71
33.53,0.0,36,1.4
33.57,0.0,35,1.85
33.6,0.0,36,1.93
33.63,0.0,38,0.93
33.67,0.0,39,0.86
33.7,0.0,39,1.09
33.73,0.0,39,0.98
33.77,0.0,39,1.65
33.8,0.0,41,
33.83,0.0,40,1.97
33.87,0.0,39,1.64
33.9,0.0,40,1.55
33.93,0.0,42,1.48
33.97,0.0,44,1.61
34.0,0.0,45,1.64
34.03,0.0,48,1.72
34.07,0.0,49,1.95
34.1,0.0,49,1.34
34.13,0.0,49,1.63
34.17,0.0,48,1.32
34.2,0.0,49,1.12
34.23,0.0,49,1.18
34.27,0.0,49,1.13
34.3,0.0,50,1.28
34.33,0.0,51,1.23
34.37,0.0,52,1.25
34.4,0.0,53,1.36
34.43,0.0,54,1.43
34.47,0.0,55,1.64
34.5,0.0,57,1.5
34.53,0.0,58,1.52
34.57,0.0,60,1.4
34.6,0.0,61,1.46
34.63,0.0,62,1.17
34.67,0.0,63,1.32
34.7,0.0,64,1.31
34.73,0.0,64,1.43
34.77,0.0,65,1.49
34.8,0.0,66,1.65
34.83,0.0,66,1.55
34.87,0.0,67,1.16
34.9,0.0,67,1.31
34.93,0.0,68,1.54
34.97,0.0,68,1.64
35.0,0.0,70,1.81
35.03,0.0,70,1.64
35.07,0.0,,1.95
35.1,0.0,72,1.54
35.13,0.0,72,1.7
35.17,0.0,74,1.6
35.2,0.0,74,1.59
35.23,0.0,75,2.19
35.27,0.0,75,1.57
35.3,0.0,74,1.61
35.33,0.0,76,1.46
35.37,0.0,75,1.77
35.4,0.0,75,1.18
35.43,0.0,75,1.05
35.47,0.0,75,0.8
35.5,0.0,75,0.75
35.53,0.0,,0.59
35.57,0.0,,0.5
35.6,0.0,78,0.63
35.63,0.0,78,0.88
35.67,0.0,79,1.16
35.7,0.0,80,1.25
35.73,0.0,80,1.42
35.77,0.0,79,1.23
35.8,0.0,79,1.41
35.83,0.0,80,1.58
35.87,0.0,81,1.27
35.9,0.0,82,1.11
35.93,0.0,84,1.14
35.97,0.0,85,1.27
36.0,0.0,82,0.99
36.03,0.0,82,0.65
36.07,0.0,82,0.64
36.1,0.0,83,0.42
36.13,0.0,84,0.26
36.17,0.0,84,0.62
36.2,0.0,84,0.73
36.23,0.0,82,0.51
36.27,0.0,79,0.83
36.3,0.0,78,1.15
36.33,0.0,76,1.31
36.37,0.0,75,1.41
36.4,0.0,73,1.41
36.43,0.0,70,1.53
36.47,0.0,69,1.7
36.5,0.0,67,1.59
36.53,0.0,67,1.53
36.57,0.0,67,1.43
36.6,0.0,66,1.23
36.63,0.0,66,0.87
36.67,0.0,65,1.08
36.7,0.0,64,1.05
36.73,0.0,64,1.57
36.77,0.0,63,1.55
36.8,0.0,63,1.43
36.83,0.0,63,1.09
36.87,0.0,64,0.94
36.9,0.0,65,1.32
36.93,0.0,64,2.09
36.97,0.0,63,2.09
37.0,0.0,63,1.5
37.03,0.0,62,1.03
37.07,0.0,61,1.37
37.1,0.0,60,1.51
37.13,0.0,59,0.87
37.17,0.0,58,0.54
37.2,0.0,57,0.71
37.23,0.0,56,1.01
37.27,0.0,55,1.32
37.3,0.0,54,1.29
37.33,0.0,52,1.3
37.37,0.0,50,1.46
37.4,0.0,48,1.6
37.43,0.0,46,1.6
37.47,0.0,43,1.73
37.5,0.0,42,1.55
37.53,0.0,39,1.32
37.57,0.0,36,1.35
37.6,0.0,36,1.66
37.63,0.0,38,1.9
37.67,0.0,38,2.11
37.7,0.0,35,1.74
37.73,0.0,36,1.47
37.77,0.0,36,0.97
37.8,0.0,37,1.55
37.83,0.0,37,1.88
37.87,0.0,38,1.68
37.9,0.0,39,1.21
37.93,0.0,40,1.07
37.97,0.0,41,1.18
38.0,0.0,41,1.48
38.03,0.0,42,1.53
38.07,0.0,42,1.66
38.1,0.0,40,1.47
38.13,0.0,39,1.37
38.17,0.0,39,1.73
38.2,0.0,40,1.67
38.23,0.0,40,1.89
38.27,0.0,39,1.64
38.3,0.0,39,1.71
38.33,0.0,40,1.99
38.37,0.0,1,1.15
38.4,0.0,43,1.2
38.43,0.0,43,1.32
38.47,0.0,43,1.63
38.5,0.0,46,1.7
38.53,0.0,48,1.56
38.57,0.0,47,1.29
38.6,0.0,48,1.54
38.63,0.0,49,1.59
38.67,0.0,51,1.51
38.7,0.0,51,1.31
38.73,0.0,51,1.27
38.77,0.0,51,1.4
38.8,0.0,52,1.49
38.83,0.0,53,1.48
38.87,0.0,54,1.52
38.9,0.0,55,1.46
38.93,0.0,56,1.52
38.97,0.0,57,1.45
39.0,0.0,58,1.36
39.03,0.0,59,1.14
39.07,0.0,61,1.23
39.1,0.0,63,1.24
39.13,0.0,65,1.26
39.17,0.0,66,1.2
39.2,0.0,68,1.18
39.23,0.0,69,1.17
39.27,0.0,70,1.21
39.3,0.0,71,1.14
39.33,0.0,72,1.12
39.37,0.0,73,1.09
39.4,0.0,75,1.01
39.43,0.0,76,1.05
39.47,0.0,77,1.01
39.5,0.0,78,0.95
39.53,0.0,79,0.99
39.57,0.0,81,0.97
39.6,0.0,82,0.95
39.63,0.0,83,0.94
39.67,0.0,84,0.98
39.7,0.0,85,0.92
39.73,0.0,85,0.9
39.77,0.0,87,0.97
39.8,0.0,88,0.89
39.83,0.0,89,0.97
39.87,0.0,90,1.07
39.9,0.0,89,0.66
39.93,0.0,87,0.57
39.97,0.0,85,1.19
40.0,0.0,83,1.51
40.03,0.0,81,1.75
40.07,0.0,78,1.66
40.1,0.0,74,1.89
40.13,0.0,70,1.83
40.17,0.0,67,2.11
40.2,0.0,66,2.16
40.23,0.0,65,2.26
40.27,0.0,63,1.89
40.3,0.0,59,1.72
40.33,0.0,56,1.79
40.37,0.0,53,1.79
40.4,0.0,52,1.88
40.43,0.0,51,1.91
40.47,0.0,48,1.82
40.5,0.0,44,1.79
40.53,0.0,41,1.67
40.57,0.0,38,1.59
40.6,0.0,37,1.79
40.63,0.0,39,1.88
40.67,0.0,41,1.86
40.7,0.0,42,1.78
40.73,0.0,42,1.41
40.77,0.0,42,1.47
40.8,0.0,42,1.75
40.83,0.0,43,1.51
40.87,0.0,44,1.35
40.9,0.0,45,1.5
40.93,0.0,46,1.45
40.97,0.0,47,1.47
41.0,0.0,47,1.6
41.03,0.0,49,1.29
41.07,0.0,48,1.33
41.1,0.0,46,1.41
41.13,0.0,43,1.48
41.17,0.0,41,1.97
41.2,0.0,40,1.87
41.23,0.0,38,1.63
41.27,0.0,37,1.67
41.3,0.0,36,1.24
41.33,0.0,36,1.43
41.37,0.0,37,1.38
41.4,0.0,39,1.66
41.43,0.0,39,1.75
41.47,0.0,40,1.61
41.5,0.0,40,1.25
41.53,0.0,41,1.4
41.57,0.0,42,1.37
41.6,0.0,44,1.84
41.63,0.0,46,1.13
41.67,0.0,47,1.24
41.7,0.0,47,1.3
41.73,0.0,48,1.54
41.77,0.0,48,1.27
41.8,0.0,47,1.49
41.83,0.0,46,1.46
41.87,0.0,45,1.75
41.9,0.0,43,1.81
41.93,0.0,42,1.45
41.97,0.0,42,1.41
42.0,0.0,42,1.38
42.03,0.0,42,1.67
42.07,0.0,43,1.57
42.1,0.0,43,1.57
42.13,0.0,43,1.21
42.17,0.0,43,1.37
42.2,0.0,42,1.61
42.23,0.0,42,1.73
42.27,0.0,42,1.53
42.3,0.0,41,2.09
42.33,0.0,41,1.75
42.37,0.0,41,1.6
42.4,0.0,42,1.67
42.43,0.0,44,1.18
42.47,0.0,47,1.23
42.5,0.0,46,1.63
42.53,0.0,45,1.68
42.57,0.0,46,1.46
42.6,0.0,47,1.77
42.63,0.0,47,1.73
42.67,0.0,46,1.88
42.7,0.0,45,1.65
42.73,0.0,46,1.75
42.77,0.0,46,1.64
42.8,0.0,47,1.9
42.83,0.0,47,1.53
42.87,0.0,47,1.37
42.9,0.0,48,0.99
42.93,0.0,49,0.96
42.97,0.0,49,1.16
43.0,0.0,49,1.11
43.03,0.0,49,1.23
43.07,0.0,51,1.17
43.1,0.0,51,1.15
43.13,0.0,52,1.01
43.17,0.0,53,1.03
43.2,0.0,54,1.17
43.23,0.0,56,1.2
43.27,0.0,58,0.99
43.3,0.0,60,0.98
43.33,0.0,59,0.95
43.37,0.0,59,1.34
43.4,0.0,57,1.59
43.43,0.0,55,0.99
43.47,0.0,54,1.09
43.5,0.0,53,1.36
43.53,0.0,50,1.35
43.57,0.0,47,1.5
43.6,0.0,44,1.6
43.63,0.0,43,1.38
43.67,0.0,43,1.61
43.7,0.0,43,1.87
43.73,0.0,43,1.73
43.77,0.0,43,1.68
43.8,0.0,42,1.27
43.83,0.0,42,1.16
43.87,0.0,42,1.25
43.9,0.0,41,1.51
43.93,0.0,40,1.77
43.97,0.0,40,1.95
44.0,0.0,41,1.33
44.03,0.0,40,1.27
44.07,0.0,40,1.24
44.1,0.0,40,1.48
44.13,0.0,40,1.69
44.17,0.0,40,1.63
44.2,0.0,40,1.4
44.23,0.0,39,1.38
44.27,0.0,38,1.11
44.3,0.0,37,1.41
44.33,0.0,36,1.74
44.37,0.0,36,1.52
44.4,0.0,36,1.64
44.43,0.0,36,1.48
44.47,0.0,37,1.44
44.5,0.0,37,1.41
44.53,0.0,39,1.54
44.57,0.0,40,1.53
44.6,0.0,40,1.61
44.63,0.0,41,1.03
44.67,0.0,41,1.14
44.7,0.0,42,1.58
44.73,0.0,43,1.3
44.77,0.0,43,1.32
44.8,0.0,44,1.45
44.83,0.0,44,1.13
44.87,0.0,45,1.57
44.9,0.0,45,1.62
44.93,0.0,45,1.39
44.97,0.0,47,1.54
45.0,0.0,47,
45.03,0.0,44,1.18
45.07,0.0,43,1.49
45.1,0.0,45,1.74
45.13,0.0,46,1.57
45.17,0.0,45,1.41
45.2,0.0,46,1.55
45.23,0.0,47,1.42
45.27,0.0,48,1.35
45.3,0.0,49,1.38
45.33,0.0,49,1.48
45.37,0.0,50,1.68
45.4,0.0,51,1.88
45.43,0.0,53,1.53
45.47,0.0,53,1.72
45.5,0.0,53,1.41
45.53,0.0,54,1.39
45.57,0.0,55,1.53
45.6,0.0,56,1.69
45.63,0.0,57,1.56
45.67,0.0,57,1.56
45.7,0.0,58,1.41
45.73,0.0,59,1.37
45.77,0.0,59,1.4
45.8,0.0,59,1.57
45.83,0.0,58,1.62
45.87,0.0,58,1.8
45.9,0.0,59,1.65
45.93,0.0,59,1.6
45.97,0.0,59,1.64
46.0,0.0,58,1.75
46.03,0.0,58,1.98
46.07,0.0,58,1.4
46.1,0.0,59,0.94
46.13,0.0,60,0.64
46.17,0.0,60,0.84
46.2,0.0,61,1.08
46.23,0.0,60,1.06
46.27,0.0,60,1.41
46.3,0.0,59,1.76
46.33,0.0,58,2.05
46.37,0.0,56,2.07
46.4,0.0,55,1.82
46.43,0.0,55,2.18
46.47,0.0,54,1.59
46.5,0.0,54,1.97
46.53,0.0,54,1.54
46.57,0.0,53,1.48
46.6,0.0,54,2.13
46.63,0.0,54,1.57
46.67,0.0,55,0.8
46.7,0.0,55,1.55
46.73,0.0,56,1.55
46.77,0.0,56,1.67
46.8,0.0,58,1.26
46.83,0.0,57,1.15
46.87,0.0,58,1.31
46.9,0.0,60,1.3
46.93,0.0,61,1.8
46.97,0.0,62,1.88
47.0,0.0,62,1.16
47.03,0.0,62,1.4
47.07,0.0,64,1.2
47.1,0.0,66,1.46
47.13,0.0,65,1.78
47.17,0.0,63,1.66
47.2,0.0,63,1.56
47.23,0.0,60,1.57
47.27,0.0,60,1.66
47.3,0.0,62,1.43
47.33,0.0,64,1.0
47.37,0.0,64,0.82
47.4,0.0,66,0.97
47.43,0.0,65,1.33
47.47,0.0,62,1.19
47.5,0.0,60,0.98
47.53,0.0,60,1.17
47.57,0.0,61,1.3
47.6,0.0,62,1.72
47.63,0.0,64,1.62
47.67,0.0,65,1.75
47.7,0.0,65,1.21
47.73,0.0,66,0.69
47.77,0.0,67,0.69
47.8,0.0,67,0.72
47.83,0.0,68,0.69
47.87,0.0,68,0.39
47.9,0.0,67,0.06
47.93,0.0,66,0.45
47.97,0.0,63,0.88
48.0,0.0,62,1.23
48.03,0.0,60,1.36
48.07,0.0,57,1.45
48.1,0.0,54,1.56
48.13,0.0,50,1.64
48.17,0.0,53,1.58
48.2,0.0,54,1.43
48.23,0.0,54,1.01
48.27,0.0,54,1.29
48.3,0.0,54,1.53
48.33,0.0,55,1.56
48.37,0.0,56,1.54
48.4,0.0,55,1.45
48.43,0.0,56,1.73
48.47,0.0,56,1.53
48.5,0.0,56,1.34
48.53,0.0,57,1.17
48.57,0.0,57,1.39
48.6,0.0,55,1.9
48.63,0.0,53,2.12
48.67,0.0,50,2.06
48.7,0.0,49,1.93
48.73,0.0,49,1.67
48.77,0.0,49,1.69
48.8,0.0,49,1.57
48.83,0.0,48,1.23
48.87,0.0,48,0.82
48.9,0.0,49,0.91
48.93,0.0,50,1.18
48.97,0.0,49,1.65
49.0,0.0,48,1.91
49.03,0.0,48,1.62
49.07,0.0,47,1.81
49.1,0.0,47,1.62
49.13,0.0,47,1.56
49.17,0.0,48,1.67
49.2,0.0,48,1.74
49.23,0.0,48,1.42
49.27,0.0,47,1.8
49.3,0.0,47,1.79
49.33,0.0,47,1.58
49.37,0.0,47,1.69
49.4,0.0,47,1.52
49.43,0.0,48,1.44
49.47,0.0,48,1.91
49.5,0.0,48,1.59
49.53,0.0,49,1.24
49.57,0.0,49,1.12
49.6,0.0,50,0.97
49.63,0.0,51,1.38
49.67,0.0,51,1.99
49.7,0.0,52,1.61
49.73,0.0,51,1.48
49.77,0.0,51,1.33
49.8,0.0,52,1.42
49.83,0.0,53,1.57
49.87,0.0,54,1.58
49.9,0.0,53,1.37
49.93,0.0,53,1.62
49.97,0.0,52,1.7
50.0,0.0,51,1.38
50.03,0.0,50,1.48
50.07,0.0,49,1.44
50.1,0.0,48,1.64
50.13,0.0,48,1.59
50.17,0.0,48,1.75
50.2,0.0,49,1.77
50.23,0.0,50,1.33
50.27,0.0,51,1.81
50.3,0.0,52,1.95
50.33,0.0,53,1.26
50.37,0.0,54,1.76
50.4,0.0,57,1.08
50.43,0.0,55,1.29
50.47,0.0,52,1.54
50.5,0.0,55,1.43
50.53,0.0,54,1.56
50.57,0.0,56,1.56
50.6,0.0,58,1.5
50.63,0.0,58,1.6
50.67,0.0,55,1.86
50.7,0.0,56,1.11
50.73,0.0,58,1.22
50.77,0.0,57,1.35
50.8,0.0,55,1.46
50.83,0.0,53,1.21
50.87,0.0,50,0.89
50.9,0.0,50,1.26
50.93,0.0,48,1.47
50.97,0.0,45,1.59
51.0,0.0,43,1.88
51.03,0.0,42,1.75
51.07,0.0,41,1.7
51.1,0.0,41,1.59
51.13,0.0,41,1.7
51.17,0.0,40,1.33
51.2,0.0,40,1.03
51.23,0.0,39,1.07
51.27,0.0,39,1.6
51.3,0.0,39,2.0
51.33,0.0,39,1.69
51.37,0.0,38,1.26
51.4,0.0,37,1.76
51.43,0.0,36,1.43
51.47,0.0,36,1.92
51.5,0.0,36,1.57
51.53,0.0,36,2.01
51.57,0.0,35,2.33
51.6,0.0,34,1.53
51.63,0.0,34,0.99
51.67,0.0,35,1.42
51.7,0.0,36,1.1
51.73,0.0,36,1.07
51.77,0.0,36,1.08
51.8,0.0,36,1.92
51.83,0.0,36,1.63
51.87,0.0,35,1.81
51.9,0.0,35,1.78
51.93,0.0,35,1.54
51.97,0.0,35,1.29
52.0,0.0,36,1.61
52.03,0.0,36,1.23
52.07,0.0,36,1.61
52.1,0.0,35,1.4
52.13,0.0,36,0.98
52.17,0.0,37,1.2
52.2,0.0,38,1.15
52.23,0.0,40,1.29
52.27,0.0,39,1.52
52.3,0.0,40,1.26
52.33,0.0,41,1.35
52.37,0.0,39,1.3
52.4,0.0,37,1.37
52.43,0.0,37,1.26
52.47,0.0,35,1.41
52.5,0.0,34,1.41
52.53,0.0,35,1.11
52.57,0.0,36,1.09
52.6,0.0,38,1.1
52.63,0.0,40,1.13
52.67,0.0,38,1.24
52.7,0.0,38,1.42
52.73,0.0,40,1.29
52.77,0.0,40,1.17
52.8,0.0,40,1.04
52.83,0.0,42,1.06
52.87,0.0,43,1.14
52.9,0.0,44,1.04
52.93,0.0,47,1.04
52.97,0.0,49,1.12
53.0,0.0,50,1.11
53.03,0.0,51,1.17
53.07,0.0,52,1.15
53.1,0.0,53,1.1
53.13,0.0,54,1.01
53.17,0.0,55,1.03
53.2,0.0,56,1.39
53.23,0.0,56,1.35
53.27,0.0,58,1.19
53.3,0.0,59,0.86
53.33,0.0,60,1.26
53.37,0.0,61,0.98
53.4,0.0,62,0.91
53.43,0.0,62,1.05
53.47,0.0,63,1.39
53.5,0.0,64,1.64
53.53,0.0,64,1.66
53.57,0.0,65,1.52
53.6,0.0,66,1.43
53.63,0.0,67,1.37
53.67,0.0,67,1.28
53.7,0.0,68,1.28
53.73,0.0,68,1.56
53.77,0.0,69,1.77
53.8,0.0,70,1.84
53.83,0.0,,1.6
53.87,0.0,72,1.4
53.9,0.0,74,1.32
53.93,0.0,75,1.67
53.97,0.0,74,1.33
54.0,0.0,74,1.26
54.03,0.0,76,1.29
54.07,0.0,77,1.53
54.1,0.0,78,1.77
54.13,0.0,79,1.65
54.17,0.0,79,1.39
54.2,0.0,80,1.73
54.23,0.0,81,1.87
54.27,0.0,81,2.17
54.3,0.0,82,1.94
54.33,0.0,83,1.67
54.37,0.0,84,1.34
54.4,0.0,85,1.38
54.43,0.0,86,1.39
54.47,0.0,87,1.08
54.5,0.0,88,0.99
54.53,0.0,88,0.85
54.57,0.0,89,0.95
54.6,0.0,90,0.92
54.63,0.0,91,0.93
54.67,0.0,90,0.42
54.7,0.0,88,0.81
54.73,0.0,86,1.18
54.77,0.0,84,1.39
54.8,0.0,82,1.62
54.83,0.0,78,1.89
54.87,0.0,75,1.98
54.9,0.0,72,1.91
54.93,0.0,72,1.93
54.97,0.0,,1.81
55.0,0.0,67,1.84
55.03,0.0,64,1.9
55.07,0.0,61,1.78
55.1,0.0,58,1.81
55.13,0.0,56,1.77
55.17,0.0,56,1.75
55.2,0.0,55,1.73
55.23,0.0,53,1.69
55.27,0.0,52,1.81
55.3,0.0,51,1.68
55.33,0.0,50,1.68
55.37,0.0,45,1.45
55.4,0.0,45,1.5
55.43,0.0,43,1.63
55.47,0.0,42,1.58
55.5,0.0,42,1.52
55.53,0.0,42,1.51
55.57,0.0,43,1.38
55.6,0.0,43,1.38
55.63,0.0,42,1.43
55.67,0.0,41,1.43
55.7,0.0,40,1.18
55.73,0.0,39,0.94
55.77,0.0,38,0.76
55.8,0.0,37,1.14
55.83,0.0,39,1.08
55.87,0.0,41,1.06
55.9,0.0,44,0.79
55.93,0.0,46,1.07
55.97,0.0,48,1.35
56.0,0.0,49,1.02
56.03,0.0,46,1.55
56.07,0.0,46,1.42
56.1,0.0,42,0.92
56.13,0.0,41,0.74
56.17,0.0,42,0.78
56.2,0.0,42,0.76
56.23,0.0,42,0.65
56.27,0.0,42,0.8
56.3,0.0,43,0.94
56.33,0.0,45,0.62
56.37,0.0,47,0.45
56.4,0.0,47,1.61
56.43,0.0,48,1.04
56.47,0.0,50,1.4
56.5,0.0,51,1.13
56.53,0.0,52,1.42
56.57,0.0,51,1.53
56.6,0.0,51,1.4
56.63,0.0,53,1.02
56.67,0.0,53,1.59
56.7,0.0,54,1.23
56.73,0.0,55,1.38
56.77,0.0,55,1.47
56.8,0.0,55,1.81
56.83,0.0,54,1.45
56.87,0.0,54,1.43
56.9,0.0,55,1.05
56.93,0.0,56,1.2
56.97,0.0,53,1.79
57.0,0.0,54,1.68
57.03,0.0,56,1.86
57.07,0.0,55,1.73
57.1,0.0,52,1.65
57.13,0.0,52,1.8
57.17,0.0,53,1.65
57.2,0.0,54,1.28
57.23,0.0,57,1.39
57.27,0.0,58,0.9
57.3,0.0,58,1.1
57.33,0.0,59,1.32
57.37,0.0,61,1.52
57.4,0.0,62,1.7
57.43,0.0,62,1.72
57.47,0.0,64,1.69
57.5,0.0,65,1.49
57.53,0.0,67,1.37
57.57,0.0,67,1.3
57.6,0.0,69,1.4
57.63,0.0,69,1.27
57.67,0.0,70,1.34
57.7,0.0,72,1.13
57.73,0.0,72,1.12
57.77,0.0,74,1.15
57.8,0.0,75,1.03
57.83,0.0,76,1.25
57.87,0.0,78,1.13
57.9,0.0,79,1.07
57.93,0.0,80,1.14
57.97,0.0,81,1.24
58.0,0.0,82,1.26
58.03,0.0,83,1.45
58.07,0.0,84,1.61
58.1,0.0,85,1.4
58.13,0.0,86,1.59
58.17,0.0,86,1.42
58.2,0.0,87,1.34
58.23,0.0,88,1.33
58.27,0.0,89,1.35
58.3,0.0,90,1.32
58.33,0.0,91,1.22
58.37,0.0,91,1.16
58.4,0.0,92,1.0
58.43,0.0,93,0.87
58.47,0.0,94,0.74
58.5,0.0,94,0.67
58.53,0.0,95,0.73
58.57,0.0,96,0.69
58.6,0.0,97,0.7
58.63,0.0,98,0.66
58.67,0.0,98,0.62
58.7,0.0,99,0.62
58.73,0.0,0,0.62
58.77,0.0,0,0.6
58.8,0.0,101,0.56
58.83,0.0,102,0.59
58.87,0.0,103,0.57
58.9,0.0,103,0.54
58.93,0.0,104,0.49
58.97,0.0,105,0.52
59.0,0.0,106,0.49
59.03,0.0,106,0.48
59.07,0.0,107,0.42
59.1,0.0,107,0.13
59.13,0.0,108,0.05
59.17,0.0,108,0.06
59.2,0.0,109,0.14
59.23,0.0,110,0.09
59.27,0.0,110,0.26
59.3,0.0,111,0.33
59.33,0.0,111,0.37
59.37,0.0,109,0.79
59.4,0.0,108,0.96
59.43,0.0,107,1.17
59.47,0.0,105,1.27
59.5,0.0,104,1.4
59.53,0.0,101,1.47
59.57,0.0,0,1.4
59.6,0.0,98,1.44
59.63,0.0,97,1.5
59.67,0.0,95,1.47
59.7,0.0,93,1.51
59.73,0.0,91,1.52
59.77,0.0,89,1.57
59.8,0.0,87,1.5
59.83,0.0,85,1.54
59.87,0.0,83,1.63
59.9,0.0,81,1.63
59.93,0.0,79,1.6
59.97,0.0,78,1.59
60.0,0.0,76,1.56
60.03,0.0,74,1.64
